
INSERT INTO Dyspozytornie (Miasto)
VALUES ('Gdańsk');
INSERT INTO Dyspozytornie (Miasto)
VALUES ('Wrocław');
INSERT INTO Dyspozytornie (Miasto)
VALUES ('Poznań');
INSERT INTO Dyspozytorzy (Imie, Nazwisko, PESEL, FK_Dyspozytornie)
VALUES ('Jerzy', 'Sobczak', '70101103324', 'Poznań');
INSERT INTO Dyspozytorzy (Imie, Nazwisko, PESEL, FK_Dyspozytornie)
VALUES ('Jerzy', 'Górski', '70101103334', 'Poznań');
INSERT INTO Dyspozytorzy (Imie, Nazwisko, PESEL, FK_Dyspozytornie)
VALUES ('Jerzy', 'Dudek', '70101103344', 'Gdańsk');
INSERT INTO Dyspozytorzy (Imie, Nazwisko, PESEL, FK_Dyspozytornie)
VALUES ('Przemysław', 'Głowacki', '70101103354', 'Wrocław');
INSERT INTO Dyspozytorzy (Imie, Nazwisko, PESEL, FK_Dyspozytornie)
VALUES ('Kazimierz', 'Kalinowski', '70101103364', 'Wrocław');
INSERT INTO Dyspozytorzy (Imie, Nazwisko, PESEL, FK_Dyspozytornie)
VALUES ('Władysław', 'Szewczyk', '70101103374', 'Gdańsk');
INSERT INTO Dyspozytorzy (Imie, Nazwisko, PESEL, FK_Dyspozytornie)
VALUES ('Józef', 'Maciejewski', '70101103384', 'Poznań');
INSERT INTO Dyspozytorzy (Imie, Nazwisko, PESEL, FK_Dyspozytornie)
VALUES ('Dariusz', 'Zieliński', '70101103394', 'Gdańsk');
INSERT INTO Dyspozytorzy (Imie, Nazwisko, PESEL, FK_Dyspozytornie)
VALUES ('Mateusz', 'Wysocki', '70101103404', 'Poznań');
INSERT INTO Dyspozytorzy (Imie, Nazwisko, PESEL, FK_Dyspozytornie)
VALUES ('Edward', 'Cieślak', '70101103414', 'Gdańsk');
INSERT INTO Kierowcy (Imie, Nazwisko, PESEL, Data_Rejestracji)
VALUES ('Waldemar', 'Kołodziej', '7010110343', '2017-09-18');
INSERT INTO Kierowcy (Imie, Nazwisko, PESEL, Data_Rejestracji)
VALUES ('Tadeusz', 'Kwiatkowski', '7010110344', '2017-10-01');
INSERT INTO Kierowcy (Imie, Nazwisko, PESEL, Data_Rejestracji)
VALUES ('Dariusz', 'Czerwiński', '7010110345', '2017-12-16');
INSERT INTO Kierowcy (Imie, Nazwisko, PESEL, Data_Rejestracji)
VALUES ('Tomasz', 'Piotrowski', '7010110346', '2016-07-06');
INSERT INTO Kierowcy (Imie, Nazwisko, PESEL, Data_Rejestracji)
VALUES ('Paweł', 'Malinowski', '7010110347', '2017-02-07');
INSERT INTO Kierowcy (Imie, Nazwisko, PESEL, Data_Rejestracji)
VALUES ('Marek', 'Sadowski', '7010110348', '2017-12-07');
INSERT INTO Kierowcy (Imie, Nazwisko, PESEL, Data_Rejestracji)
VALUES ('Jerzy', 'Sikora', '7010110349', '2017-06-25');
INSERT INTO Kierowcy (Imie, Nazwisko, PESEL, Data_Rejestracji)
VALUES ('Dariusz', 'Majewski', '7010110350', '2017-08-15');
INSERT INTO Kierowcy (Imie, Nazwisko, PESEL, Data_Rejestracji)
VALUES ('Mirosław', 'Sikorski', '7010110351', '2017-08-17');
INSERT INTO Kierowcy (Imie, Nazwisko, PESEL, Data_Rejestracji)
VALUES ('Damian', 'Andrzejewski', '7010110352', '2017-05-03');
INSERT INTO Kierowcy (Imie, Nazwisko, PESEL, Data_Rejestracji)
VALUES ('Mieczysław', 'Malinowski', '7010110353', '2018-01-13');
INSERT INTO Kierowcy (Imie, Nazwisko, PESEL, Data_Rejestracji)
VALUES ('Zdzisław', 'Wróbel', '7010110354', '2016-12-10');
INSERT INTO Kierowcy (Imie, Nazwisko, PESEL, Data_Rejestracji)
VALUES ('Dariusz', 'Jankowski', '7010110355', '2017-11-26');
INSERT INTO Kierowcy (Imie, Nazwisko, PESEL, Data_Rejestracji)
VALUES ('Adam', 'Michalak', '7010110356', '2017-08-22');
INSERT INTO Kierowcy (Imie, Nazwisko, PESEL, Data_Rejestracji)
VALUES ('Marcin', 'Jaworski', '7010110357', '2018-01-26');
INSERT INTO Kierowcy (Imie, Nazwisko, PESEL, Data_Rejestracji)
VALUES ('Mirosław', 'Kowalczyk', '7010110358', '2017-07-23');
INSERT INTO Kierowcy (Imie, Nazwisko, PESEL, Data_Rejestracji)
VALUES ('Piotr', 'Jankowski', '7010110359', '2016-08-31');
INSERT INTO Kierowcy (Imie, Nazwisko, PESEL, Data_Rejestracji)
VALUES ('Zbigniew', 'Ostrowski', '7010110360', '2017-02-12');
INSERT INTO Kierowcy (Imie, Nazwisko, PESEL, Data_Rejestracji)
VALUES ('Ryszard', 'Mazurek', '7010110361', '2017-12-10');
INSERT INTO Kierowcy (Imie, Nazwisko, PESEL, Data_Rejestracji)
VALUES ('Przemysław', 'Włodarczyk', '7010110362', '2017-12-02');
INSERT INTO Klienci (Imie, Nazwisko, Telefon, Id)
VALUES ('Zdzisław', 'Dudek', '631550031', '0');
INSERT INTO Klienci (Imie, Nazwisko, Telefon, Id)
VALUES ('Marek', 'Sokołowski', '654301798', '1');
INSERT INTO Klienci (Imie, Nazwisko, Telefon, Id)
VALUES ('Mirosław', 'Andrzejewski', '624980822', '2');
INSERT INTO Klienci (Imie, Nazwisko, Telefon, Id)
VALUES ('Mirosław', 'Kołodziej', '550909705', '3');
INSERT INTO Klienci (Imie, Nazwisko, Telefon, Id)
VALUES ('Tadeusz', 'Jaworski', '521015065', '4');
INSERT INTO Klienci (Imie, Nazwisko, Telefon, Id)
VALUES ('Roman', 'Jabłoński', '546175571', '5');
INSERT INTO Klienci (Imie, Nazwisko, Telefon, Id)
VALUES ('Dawid', 'Grabowski', '621269388', '6');
INSERT INTO Klienci (Imie, Nazwisko, Telefon, Id)
VALUES ('Jan', 'Wysocki', '634762114', '7');
INSERT INTO Klienci (Imie, Nazwisko, Telefon, Id)
VALUES ('Krzysztof', 'Krajewski', '550107719', '8');
INSERT INTO Klienci (Imie, Nazwisko, Telefon, Id)
VALUES ('Wiesław', 'Sawicki', '601747597', '9');
INSERT INTO Klienci (Imie, Nazwisko, Telefon, Id)
VALUES ('Kamil', 'Duda', '546599678', '10');
INSERT INTO Klienci (Imie, Nazwisko, Telefon, Id)
VALUES ('Stanisław', 'Dąbrowski', '519242753', '11');
INSERT INTO Klienci (Imie, Nazwisko, Telefon, Id)
VALUES ('Paweł', 'Walczak', '557971375', '12');
INSERT INTO Klienci (Imie, Nazwisko, Telefon, Id)
VALUES ('Jarosław', 'Zawadzki', '612214824', '13');
INSERT INTO Klienci (Imie, Nazwisko, Telefon, Id)
VALUES ('Damian', 'Mazur', '593612816', '14');
INSERT INTO Klienci (Imie, Nazwisko, Telefon, Id)
VALUES ('Marcin', 'Krajewski', '683056876', '15');
INSERT INTO Klienci (Imie, Nazwisko, Telefon, Id)
VALUES ('Damian', 'Bąk', '529045618', '16');
INSERT INTO Klienci (Imie, Nazwisko, Telefon, Id)
VALUES ('Artur', 'Włodarczyk', '652072505', '17');
INSERT INTO Klienci (Imie, Nazwisko, Telefon, Id)
VALUES ('Łukasz', 'Kowalski', '635346610', '18');
INSERT INTO Klienci (Imie, Nazwisko, Telefon, Id)
VALUES ('Zbigniew', 'Wiśniewski', '684801855', '19');
INSERT INTO Klienci (Imie, Nazwisko, Telefon, Id)
VALUES ('Kazimierz', 'Krawczyk', '605682270', '20');
INSERT INTO Klienci (Imie, Nazwisko, Telefon, Id)
VALUES ('Daniel', 'Chmielewski', '598753738', '21');
INSERT INTO Klienci (Imie, Nazwisko, Telefon, Id)
VALUES ('Mieczysław', 'Czerwiński', '586866702', '22');
INSERT INTO Klienci (Imie, Nazwisko, Telefon, Id)
VALUES ('Władysław', 'Brzeziński', '566299905', '23');
INSERT INTO Klienci (Imie, Nazwisko, Telefon, Id)
VALUES ('Tomasz', 'Makowski', '656356843', '24');
INSERT INTO Klienci (Imie, Nazwisko, Telefon, Id)
VALUES ('Mariusz', 'Baran', '556140721', '25');
INSERT INTO Klienci (Imie, Nazwisko, Telefon, Id)
VALUES ('Daniel', 'Zawadzki', '665123128', '26');
INSERT INTO Klienci (Imie, Nazwisko, Telefon, Id)
VALUES ('Robert', 'Przybylski', '608594323', '27');
INSERT INTO Klienci (Imie, Nazwisko, Telefon, Id)
VALUES ('Daniel', 'Sobczak', '546471853', '28');
INSERT INTO Klienci (Imie, Nazwisko, Telefon, Id)
VALUES ('Marcin', 'Król', '660563300', '29');
INSERT INTO Klienci (Imie, Nazwisko, Telefon, Id)
VALUES ('Henryk', 'Król', '537992512', '30');
INSERT INTO Klienci (Imie, Nazwisko, Telefon, Id)
VALUES ('Jan', 'Bąk', '683399163', '31');
INSERT INTO Klienci (Imie, Nazwisko, Telefon, Id)
VALUES ('Waldemar', 'Wiśniewski', '674259915', '32');
INSERT INTO Klienci (Imie, Nazwisko, Telefon, Id)
VALUES ('Sebastian', 'Mazur', '610581740', '33');
INSERT INTO Klienci (Imie, Nazwisko, Telefon, Id)
VALUES ('Tomasz', 'Szymczak', '595713001', '34');
INSERT INTO Klienci (Imie, Nazwisko, Telefon, Id)
VALUES ('Robert', 'Jabłoński', '585212652', '35');
INSERT INTO Klienci (Imie, Nazwisko, Telefon, Id)
VALUES ('Mirosław', 'Zalewski', '689506901', '36');
INSERT INTO Klienci (Imie, Nazwisko, Telefon, Id)
VALUES ('Wiesław', 'Woźniak', '691881430', '37');
INSERT INTO Klienci (Imie, Nazwisko, Telefon, Id)
VALUES ('Marcin', 'Baranowski', '604429239', '38');
INSERT INTO Klienci (Imie, Nazwisko, Telefon, Id)
VALUES ('Wiesław', 'Marciniak', '620246479', '39');
INSERT INTO Aplikacje (Ulica, Numer_domu, Miasto, Skad_sie_dowiedzial, Data_rejestracji, FK_Klienci)
VALUES ('ul. Konwaliowa', '197', 'Sopot', 'Inne', '2016-11-05', '39');
INSERT INTO Aplikacje (Ulica, Numer_domu, Miasto, Skad_sie_dowiedzial, Data_rejestracji, FK_Klienci)
VALUES ('ul. Lipowa', '192', 'Sopot', 'Inne', '2017-02-19', '38');
INSERT INTO Aplikacje (Ulica, Numer_domu, Miasto, Skad_sie_dowiedzial, Data_rejestracji, FK_Klienci)
VALUES ('ul. Jaworowa', '57', 'Poznań', 'Inne', '2016-08-15', '37');
INSERT INTO Aplikacje (Ulica, Numer_domu, Miasto, Skad_sie_dowiedzial, Data_rejestracji, FK_Klienci)
VALUES ('ul. Lipowa', '103', 'Wrocław', 'Przez reklamę tradycyjną', '2017-05-19', '36');
INSERT INTO Aplikacje (Ulica, Numer_domu, Miasto, Skad_sie_dowiedzial, Data_rejestracji, FK_Klienci)
VALUES ('ul. Szeroka', '64', 'Wrocław', 'Przez reklamę tradycyjną', '2017-03-08', '35');
INSERT INTO Aplikacje (Ulica, Numer_domu, Miasto, Skad_sie_dowiedzial, Data_rejestracji, FK_Klienci)
VALUES ('ul. Leśna Góra', '195', 'Wrocław', 'Przez reklamę tradycyjną', '2018-01-04', '34');
INSERT INTO Aplikacje (Ulica, Numer_domu, Miasto, Skad_sie_dowiedzial, Data_rejestracji, FK_Klienci)
VALUES ('ul. Dębowa', '149', 'Straszyn', 'Przez reklamę tradycyjną', '2017-04-12', '33');
INSERT INTO Aplikacje (Ulica, Numer_domu, Miasto, Skad_sie_dowiedzial, Data_rejestracji, FK_Klienci)
VALUES ('ul. Dębowa', '184', 'Wrocław', 'Przez reklamę na Facebooku', '2017-03-01', '32');
INSERT INTO Aplikacje (Ulica, Numer_domu, Miasto, Skad_sie_dowiedzial, Data_rejestracji, FK_Klienci)
VALUES ('ul. Długa', '22', 'Gdynia', 'Przez reklamę na innym portalu', '2016-09-23', '31');
INSERT INTO Aplikacje (Ulica, Numer_domu, Miasto, Skad_sie_dowiedzial, Data_rejestracji, FK_Klienci)
VALUES ('ul. Długa', '121', 'Poznań', 'Przez reklamę na Facebooku', '2016-10-11', '30');
INSERT INTO Aplikacje (Ulica, Numer_domu, Miasto, Skad_sie_dowiedzial, Data_rejestracji, FK_Klienci)
VALUES ('ul. Szeroka', '139', 'Poznań', 'Od znajomego', '2017-01-23', '29');
INSERT INTO Aplikacje (Ulica, Numer_domu, Miasto, Skad_sie_dowiedzial, Data_rejestracji, FK_Klienci)
VALUES ('ul. Focha', '3', 'Pruszcz Gdański', 'Inne', '2017-12-07', '28');
INSERT INTO Aplikacje (Ulica, Numer_domu, Miasto, Skad_sie_dowiedzial, Data_rejestracji, FK_Klienci)
VALUES ('ul. Szeroka', '93', 'Gdańsk', 'Przez reklamę tradycyjną', '2017-11-07', '27');
INSERT INTO Aplikacje (Ulica, Numer_domu, Miasto, Skad_sie_dowiedzial, Data_rejestracji, FK_Klienci)
VALUES ('ul. Konwaliowa', '35', 'Sopot', 'Przez reklamę na innym portalu', '2016-07-17', '26');
INSERT INTO Aplikacje (Ulica, Numer_domu, Miasto, Skad_sie_dowiedzial, Data_rejestracji, FK_Klienci)
VALUES ('ul. Focha', '173', 'Sopot', 'Od znajomego', '2017-05-30', '25');
INSERT INTO Aplikacje (Ulica, Numer_domu, Miasto, Skad_sie_dowiedzial, Data_rejestracji, FK_Klienci)
VALUES ('ul. Konwaliowa', '74', 'Gdynia', 'Inne', '2016-12-24', '24');
INSERT INTO Aplikacje (Ulica, Numer_domu, Miasto, Skad_sie_dowiedzial, Data_rejestracji, FK_Klienci)
VALUES ('ul. Leśna Góra', '95', 'Sopot', 'Przez reklamę tradycyjną', '2016-12-20', '23');
INSERT INTO Aplikacje (Ulica, Numer_domu, Miasto, Skad_sie_dowiedzial, Data_rejestracji, FK_Klienci)
VALUES ('ul. Lipowa', '23', 'Gdynia', 'Przez reklamę na innym portalu', '2016-12-15', '22');
INSERT INTO Aplikacje (Ulica, Numer_domu, Miasto, Skad_sie_dowiedzial, Data_rejestracji, FK_Klienci)
VALUES ('ul. Lipowa', '116', 'Gdynia', 'Przez reklamę na Facebooku', '2017-08-14', '21');
INSERT INTO Aplikacje (Ulica, Numer_domu, Miasto, Skad_sie_dowiedzial, Data_rejestracji, FK_Klienci)
VALUES ('ul. Długa', '8', 'Straszyn', 'Od znajomego', '2016-12-06', '20');
INSERT INTO Aplikacje (Ulica, Numer_domu, Miasto, Skad_sie_dowiedzial, Data_rejestracji, FK_Klienci)
VALUES ('ul. Leśna Góra', '13', 'Sopot', 'Od znajomego', '2017-01-03', '19');
INSERT INTO Aplikacje (Ulica, Numer_domu, Miasto, Skad_sie_dowiedzial, Data_rejestracji, FK_Klienci)
VALUES ('ul. Szeroka', '177', 'Straszyn', 'Przez reklamę na Facebooku', '2017-02-08', '18');
INSERT INTO Aplikacje (Ulica, Numer_domu, Miasto, Skad_sie_dowiedzial, Data_rejestracji, FK_Klienci)
VALUES ('ul. Dębowa', '123', 'Gdańsk', 'Przez reklamę tradycyjną', '2017-01-10', '17');
INSERT INTO Aplikacje (Ulica, Numer_domu, Miasto, Skad_sie_dowiedzial, Data_rejestracji, FK_Klienci)
VALUES ('ul. Lipowa', '99', 'Sopot', 'Przez reklamę tradycyjną', '2017-06-22', '16');
INSERT INTO Karty (Numer, Kod, FK_Klienci)
VALUES ('7171602110024722', '582', '29');
INSERT INTO Karty (Numer, Kod, FK_Klienci)
VALUES ('6228722149518801', '549', '26');
INSERT INTO Karty (Numer, Kod, FK_Klienci)
VALUES ('8331314380603943', '385', '18');
INSERT INTO Karty (Numer, Kod, FK_Klienci)
VALUES ('7347636130361928', '892', '26');
INSERT INTO Karty (Numer, Kod, FK_Klienci)
VALUES ('6510226248400875', '260', '22');
INSERT INTO Karty (Numer, Kod, FK_Klienci)
VALUES ('4796794114814539', '240', '25');
INSERT INTO Karty (Numer, Kod, FK_Klienci)
VALUES ('3718512742951768', '140', '22');
INSERT INTO Karty (Numer, Kod, FK_Klienci)
VALUES ('1219951819166840', '863', '39');
INSERT INTO Karty (Numer, Kod, FK_Klienci)
VALUES ('4352328707912956', '178', '32');
INSERT INTO Karty (Numer, Kod, FK_Klienci)
VALUES ('3438455463025168', '383', '31');
INSERT INTO Przejazdy (Data, Id, Ocena, Poczatek_ulica, Poczatek_numer_domu, Poczatek_miasto, Koniec_ulica, Koniec_numer_domu, Koniec_miasto, Koszt, Napiwek, Czas, Godzina, Nr_faktury, FK_Klienci, FK_Kierowcy, FK_Dyspozytorzy, FK_Samochody)
VALUES ('2017-06-16','0','5','ul. Dębowa','38','Gdynia','ul. Lipowa','175','Gdynia','44','9','37','06:47:59',null,'17','7010110344','70101103374','PO47312');
INSERT INTO Przejazdy (Data, Id, Ocena, Poczatek_ulica, Poczatek_numer_domu, Poczatek_miasto, Koniec_ulica, Koniec_numer_domu, Koniec_miasto, Koszt, Napiwek, Czas, Godzina, Nr_faktury, FK_Klienci, FK_Kierowcy, FK_Dyspozytorzy, FK_Samochody)
VALUES ('2017-10-29','1','1','ul. Długa','63','Pruszcz Gdański','ul. Konwaliowa','23','Pruszcz Gdański','33','6','4','11:39:40',null,'13','7010110345','70101103414','PO83652');
INSERT INTO Przejazdy (Data, Id, Ocena, Poczatek_ulica, Poczatek_numer_domu, Poczatek_miasto, Koniec_ulica, Koniec_numer_domu, Koniec_miasto, Koszt, Napiwek, Czas, Godzina, Nr_faktury, FK_Klienci, FK_Kierowcy, FK_Dyspozytorzy, FK_Samochody)
VALUES ('2017-10-30','2','1','ul. Focha','66','Poznań','ul. Focha','67','Poznań','32','20','59','14:22:21',null,'22','7010110353','70101103344','GD76615');
INSERT INTO Przejazdy (Data, Id, Ocena, Poczatek_ulica, Poczatek_numer_domu, Poczatek_miasto, Koniec_ulica, Koniec_numer_domu, Koniec_miasto, Koszt, Napiwek, Czas, Godzina, Nr_faktury, FK_Klienci, FK_Kierowcy, FK_Dyspozytorzy, FK_Samochody)
VALUES ('2017-06-06','3','3','ul. Lipowa','194','Sopot','ul. Długa','76','Sopot','50','19','35','19:07:52',null,'15','7010110360','70101103404','PO47312');
INSERT INTO Przejazdy (Data, Id, Ocena, Poczatek_ulica, Poczatek_numer_domu, Poczatek_miasto, Koniec_ulica, Koniec_numer_domu, Koniec_miasto, Koszt, Napiwek, Czas, Godzina, Nr_faktury, FK_Klienci, FK_Kierowcy, FK_Dyspozytorzy, FK_Samochody)
VALUES ('2017-03-08', '4', '2', 'ul. Konwaliowa', '126', 'Pruszcz Gdański', 'ul. Leśna Góra', '103', 'Pruszcz Gdański', '21', '4', '25', '12:52:46', '1', '17', '7010110352', '70101103404', 'GD76615');
INSERT INTO Przejazdy (Data, Id, Ocena, Poczatek_ulica, Poczatek_numer_domu, Poczatek_miasto, Koniec_ulica, Koniec_numer_domu, Koniec_miasto, Koszt, Napiwek, Czas, Godzina, Nr_faktury, FK_Klienci, FK_Kierowcy, FK_Dyspozytorzy, FK_Samochody)
VALUES ('2017-10-09','5','2','ul. Leśna Góra','184','Straszyn','ul. Leśna Góra','138','Straszyn','50','8','14','12:45:03',null,'39','7010110357','70101103324','PO92976');
INSERT INTO Przejazdy (Data, Id, Ocena, Poczatek_ulica, Poczatek_numer_domu, Poczatek_miasto, Koniec_ulica, Koniec_numer_domu, Koniec_miasto, Koszt, Napiwek, Czas, Godzina, Nr_faktury, FK_Klienci, FK_Kierowcy, FK_Dyspozytorzy, FK_Samochody)
VALUES ('2018-01-05', '6', '2', 'ul. Długa', '53', 'Sopot', 'ul. Leśna Góra', '151', 'Sopot', '16', '18', '50', '16:11:51', '2', '27', '7010110359', '70101103334', 'GD65657');
INSERT INTO Przejazdy (Data, Id, Ocena, Poczatek_ulica, Poczatek_numer_domu, Poczatek_miasto, Koniec_ulica, Koniec_numer_domu, Koniec_miasto, Koszt, Napiwek, Czas, Godzina, Nr_faktury, FK_Klienci, FK_Kierowcy, FK_Dyspozytorzy, FK_Samochody)
VALUES ('2017-08-21', '7', '2', 'ul. Lipowa', '31', 'Gdańsk', 'ul. Focha', '100', 'Gdańsk', '41', '16', '55', '14:24:22', '3', '11', '7010110348', '70101103324', 'DW34499');
INSERT INTO Przejazdy (Data, Id, Ocena, Poczatek_ulica, Poczatek_numer_domu, Poczatek_miasto, Koniec_ulica, Koniec_numer_domu, Koniec_miasto, Koszt, Napiwek, Czas, Godzina, Nr_faktury, FK_Klienci, FK_Kierowcy, FK_Dyspozytorzy, FK_Samochody)
VALUES ('2017-11-04','8','4','ul. Szeroka','138','Gdańsk','ul. Szeroka','72','Gdańsk','37','8','38','07:56:53',null,'7','7010110345','70101103324','PO83652');
INSERT INTO Przejazdy (Data, Id, Ocena, Poczatek_ulica, Poczatek_numer_domu, Poczatek_miasto, Koniec_ulica, Koniec_numer_domu, Koniec_miasto, Koszt, Napiwek, Czas, Godzina, Nr_faktury, FK_Klienci, FK_Kierowcy, FK_Dyspozytorzy, FK_Samochody)
VALUES ('2016-12-18','9','4','ul. Jaworowa','122','Gdańsk','ul. Lipowa','192','Gdańsk','29','9','60','10:00:10',null,'20','7010110354','70101103404','DW34499');
INSERT INTO Przejazdy (Data, Id, Ocena, Poczatek_ulica, Poczatek_numer_domu, Poczatek_miasto, Koniec_ulica, Koniec_numer_domu, Koniec_miasto, Koszt, Napiwek, Czas, Godzina, Nr_faktury, FK_Klienci, FK_Kierowcy, FK_Dyspozytorzy, FK_Samochody)
VALUES ('2016-10-17','10','5','ul. Leśna Góra','193','Wrocław','ul. Leśna Góra','128','Wrocław','41','10','56','08:19:57',null,'28','7010110354','70101103374','DW77644');
INSERT INTO Przejazdy (Data, Id, Ocena, Poczatek_ulica, Poczatek_numer_domu, Poczatek_miasto, Koniec_ulica, Koniec_numer_domu, Koniec_miasto, Koszt, Napiwek, Czas, Godzina, Nr_faktury, FK_Klienci, FK_Kierowcy, FK_Dyspozytorzy, FK_Samochody)
VALUES ('2017-11-23', '11', '4', 'ul. Długa', '160', 'Gdańsk', 'ul. Dębowa', '17', 'Gdańsk', '36', '5', '7', '16:23:37', '4', '17', '7010110353', '70101103344', 'GD76615');
INSERT INTO Przejazdy (Data, Id, Ocena, Poczatek_ulica, Poczatek_numer_domu, Poczatek_miasto, Koniec_ulica, Koniec_numer_domu, Koniec_miasto, Koszt, Napiwek, Czas, Godzina, Nr_faktury, FK_Klienci, FK_Kierowcy, FK_Dyspozytorzy, FK_Samochody)
VALUES ('2017-02-14','12','1','ul. Szeroka','161','Straszyn','ul. Jaworowa','25','Straszyn','19','16','28','22:33:55',null,'18','7010110354','70101103324','DW34499');
INSERT INTO Przejazdy (Data, Id, Ocena, Poczatek_ulica, Poczatek_numer_domu, Poczatek_miasto, Koniec_ulica, Koniec_numer_domu, Koniec_miasto, Koszt, Napiwek, Czas, Godzina, Nr_faktury, FK_Klienci, FK_Kierowcy, FK_Dyspozytorzy, FK_Samochody)
VALUES ('2017-11-05', '13', '2', 'ul. Dębowa', '89', 'Poznań', 'ul. Focha', '64', 'Poznań', '35', '20', '26', '02:49:25', '5', '36', '7010110357', '70101103354', 'PO92976');
INSERT INTO Przejazdy (Data, Id, Ocena, Poczatek_ulica, Poczatek_numer_domu, Poczatek_miasto, Koniec_ulica, Koniec_numer_domu, Koniec_miasto, Koszt, Napiwek, Czas, Godzina, Nr_faktury, FK_Klienci, FK_Kierowcy, FK_Dyspozytorzy, FK_Samochody)
VALUES ('2017-02-04','14','5','ul. Szeroka','149','Gdańsk','ul. Dębowa','110','Gdańsk','43','7','23','13:26:54',null,'33','7010110354','70101103374','DW77644');
INSERT INTO Przejazdy (Data, Id, Ocena, Poczatek_ulica, Poczatek_numer_domu, Poczatek_miasto, Koniec_ulica, Koniec_numer_domu, Koniec_miasto, Koszt, Napiwek, Czas, Godzina, Nr_faktury, FK_Klienci, FK_Kierowcy, FK_Dyspozytorzy, FK_Samochody)
VALUES ('2017-02-11','15','1','ul. Szeroka','120','Gdańsk','ul. Dębowa','18','Gdańsk','38','5','38','06:29:59',null,'10','7010110360','70101103414','PO47312');
INSERT INTO Przejazdy (Data, Id, Ocena, Poczatek_ulica, Poczatek_numer_domu, Poczatek_miasto, Koniec_ulica, Koniec_numer_domu, Koniec_miasto, Koszt, Napiwek, Czas, Godzina, Nr_faktury, FK_Klienci, FK_Kierowcy, FK_Dyspozytorzy, FK_Samochody)
VALUES ('2017-04-08','16','2','ul. Focha','163','Sopot','ul. Jaworowa','193','Sopot','27','9','39','12:13:14',null,'0','7010110350','70101103354','GA63400');
INSERT INTO Przejazdy (Data, Id, Ocena, Poczatek_ulica, Poczatek_numer_domu, Poczatek_miasto, Koniec_ulica, Koniec_numer_domu, Koniec_miasto, Koszt, Napiwek, Czas, Godzina, Nr_faktury, FK_Klienci, FK_Kierowcy, FK_Dyspozytorzy, FK_Samochody)
VALUES ('2017-04-29','17','5','ul. Lipowa','150','Poznań','ul. Dębowa','132','Poznań','30','13','23','08:18:38',null,'30','7010110358','70101103364','GA63400');
INSERT INTO Przejazdy (Data, Id, Ocena, Poczatek_ulica, Poczatek_numer_domu, Poczatek_miasto, Koniec_ulica, Koniec_numer_domu, Koniec_miasto, Koszt, Napiwek, Czas, Godzina, Nr_faktury, FK_Klienci, FK_Kierowcy, FK_Dyspozytorzy, FK_Samochody)
VALUES ('2016-12-17', '18', '4', 'ul. Focha', '76', 'Sopot', 'ul. Dębowa', '6', 'Sopot', '46', '2', '16', '20:21:58', '6', '25', '7010110359', '70101103354', 'GD15475');
INSERT INTO Przejazdy (Data, Id, Ocena, Poczatek_ulica, Poczatek_numer_domu, Poczatek_miasto, Koniec_ulica, Koniec_numer_domu, Koniec_miasto, Koszt, Napiwek, Czas, Godzina, Nr_faktury, FK_Klienci, FK_Kierowcy, FK_Dyspozytorzy, FK_Samochody)
VALUES ('2017-09-21','19','1','ul. Długa','135','Straszyn','ul. Focha','80','Straszyn','38','1','45','07:33:09',null,'17','7010110348','70101103404','DW34499');
INSERT INTO Przejazdy (Data, Id, Ocena, Poczatek_ulica, Poczatek_numer_domu, Poczatek_miasto, Koniec_ulica, Koniec_numer_domu, Koniec_miasto, Koszt, Napiwek, Czas, Godzina, Nr_faktury, FK_Klienci, FK_Kierowcy, FK_Dyspozytorzy, FK_Samochody)
VALUES ('2017-05-16', '20', '4', 'ul. Lipowa', '181', 'Wrocław', 'ul. Leśna Góra', '171', 'Wrocław', '34', '11', '16', '23:51:44', '7', '20', '7010110354', '70101103354', 'DW77644');
INSERT INTO Przejazdy (Data, Id, Ocena, Poczatek_ulica, Poczatek_numer_domu, Poczatek_miasto, Koniec_ulica, Koniec_numer_domu, Koniec_miasto, Koszt, Napiwek, Czas, Godzina, Nr_faktury, FK_Klienci, FK_Kierowcy, FK_Dyspozytorzy, FK_Samochody)
VALUES ('2017-07-15','21','1','ul. Focha','130','Gdańsk','ul. Jaworowa','176','Gdańsk','21','16','58','13:11:35',null,'9','7010110357','70101103334','PO92976');
INSERT INTO Przejazdy (Data, Id, Ocena, Poczatek_ulica, Poczatek_numer_domu, Poczatek_miasto, Koniec_ulica, Koniec_numer_domu, Koniec_miasto, Koszt, Napiwek, Czas, Godzina, Nr_faktury, FK_Klienci, FK_Kierowcy, FK_Dyspozytorzy, FK_Samochody)
VALUES ('2017-07-20', '22', '2', 'ul. Dębowa', '12', 'Gdynia', 'ul. Dębowa', '72', 'Gdynia', '33', '16', '39', '22:30:08', '8', '22', '7010110359', '70101103364', 'GA94331');
INSERT INTO Przejazdy (Data, Id, Ocena, Poczatek_ulica, Poczatek_numer_domu, Poczatek_miasto, Koniec_ulica, Koniec_numer_domu, Koniec_miasto, Koszt, Napiwek, Czas, Godzina, Nr_faktury, FK_Klienci, FK_Kierowcy, FK_Dyspozytorzy, FK_Samochody)
VALUES ('2017-04-30','23','1','ul. Długa','119','Gdynia','ul. Szeroka','81','Gdynia','45','19','6','14:37:12',null,'13','7010110358','70101103354','GA63400');
INSERT INTO Przejazdy (Data, Id, Ocena, Poczatek_ulica, Poczatek_numer_domu, Poczatek_miasto, Koniec_ulica, Koniec_numer_domu, Koniec_miasto, Koszt, Napiwek, Czas, Godzina, Nr_faktury, FK_Klienci, FK_Kierowcy, FK_Dyspozytorzy, FK_Samochody)
VALUES ('2017-06-10','24','1','ul. Focha','80','Straszyn','ul. Lipowa','58','Straszyn','22','3','13','18:00:40',null,'10','7010110356','70101103364','PO22471');
INSERT INTO Przejazdy (Data, Id, Ocena, Poczatek_ulica, Poczatek_numer_domu, Poczatek_miasto, Koniec_ulica, Koniec_numer_domu, Koniec_miasto, Koszt, Napiwek, Czas, Godzina, Nr_faktury, FK_Klienci, FK_Kierowcy, FK_Dyspozytorzy, FK_Samochody)
VALUES ('2017-10-11','25','1','ul. Lipowa','148','Gdańsk','ul. Lipowa','188','Gdańsk','46','11','13','08:46:33',null,'6','7010110350','70101103384','PO15399');
INSERT INTO Przejazdy (Data, Id, Ocena, Poczatek_ulica, Poczatek_numer_domu, Poczatek_miasto, Koniec_ulica, Koniec_numer_domu, Koniec_miasto, Koszt, Napiwek, Czas, Godzina, Nr_faktury, FK_Klienci, FK_Kierowcy, FK_Dyspozytorzy, FK_Samochody)
VALUES ('2017-11-18','26','3','ul. Szeroka','136','Wrocław','ul. Focha','94','Wrocław','37','20','58','15:20:46',null,'19','7010110350','70101103324','PO15399');
INSERT INTO Przejazdy (Data, Id, Ocena, Poczatek_ulica, Poczatek_numer_domu, Poczatek_miasto, Koniec_ulica, Koniec_numer_domu, Koniec_miasto, Koszt, Napiwek, Czas, Godzina, Nr_faktury, FK_Klienci, FK_Kierowcy, FK_Dyspozytorzy, FK_Samochody)
VALUES ('2018-01-13','27','1','ul. Lipowa','54','Straszyn','ul. Leśna Góra','95','Straszyn','45','12','6','10:07:47',null,'37','7010110352','70101103364','GD76615');
INSERT INTO Przejazdy (Data, Id, Ocena, Poczatek_ulica, Poczatek_numer_domu, Poczatek_miasto, Koniec_ulica, Koniec_numer_domu, Koniec_miasto, Koszt, Napiwek, Czas, Godzina, Nr_faktury, FK_Klienci, FK_Kierowcy, FK_Dyspozytorzy, FK_Samochody)
VALUES ('2017-12-18','28','5','ul. Focha','187','Pruszcz Gdański','ul. Dębowa','55','Pruszcz Gdański','31','8','8','03:40:42',null,'38','7010110348','70101103364','DW34499');
INSERT INTO Przejazdy (Data, Id, Ocena, Poczatek_ulica, Poczatek_numer_domu, Poczatek_miasto, Koniec_ulica, Koniec_numer_domu, Koniec_miasto, Koszt, Napiwek, Czas, Godzina, Nr_faktury, FK_Klienci, FK_Kierowcy, FK_Dyspozytorzy, FK_Samochody)
VALUES ('2016-10-30','29','1','ul. Długa','71','Pruszcz Gdański','ul. Dębowa','110','Pruszcz Gdański','49','14','47','23:02:04',null,'39','7010110360','70101103324','GA57973');
INSERT INTO Przejazdy (Data, Id, Ocena, Poczatek_ulica, Poczatek_numer_domu, Poczatek_miasto, Koniec_ulica, Koniec_numer_domu, Koniec_miasto, Koszt, Napiwek, Czas, Godzina, Nr_faktury, FK_Klienci, FK_Kierowcy, FK_Dyspozytorzy, FK_Samochody)
VALUES ('2017-02-04', '30', '5', 'ul. Konwaliowa', '184', 'Sopot', 'ul. Jaworowa', '105', 'Sopot', '21', '1', '40', '00:15:20', '9', '35', '7010110358', '70101103374', 'DW18006');
INSERT INTO Przejazdy (Data, Id, Ocena, Poczatek_ulica, Poczatek_numer_domu, Poczatek_miasto, Koniec_ulica, Koniec_numer_domu, Koniec_miasto, Koszt, Napiwek, Czas, Godzina, Nr_faktury, FK_Klienci, FK_Kierowcy, FK_Dyspozytorzy, FK_Samochody)
VALUES ('2017-05-07', '31', '4', 'ul. Focha', '154', 'Wrocław', 'ul. Szeroka', '46', 'Wrocław', '35', '19', '19', '15:57:01', '10', '0', '7010110358', '70101103364', 'GA63400');
INSERT INTO Przejazdy (Data, Id, Ocena, Poczatek_ulica, Poczatek_numer_domu, Poczatek_miasto, Koniec_ulica, Koniec_numer_domu, Koniec_miasto, Koszt, Napiwek, Czas, Godzina, Nr_faktury, FK_Klienci, FK_Kierowcy, FK_Dyspozytorzy, FK_Samochody)
VALUES ('2017-02-13','32','2','ul. Szeroka','97','Gdynia','ul. Dębowa','155','Gdynia','44','7','30','13:17:21',null,'35','7010110343','70101103374','GA80079');
INSERT INTO Przejazdy (Data, Id, Ocena, Poczatek_ulica, Poczatek_numer_domu, Poczatek_miasto, Koniec_ulica, Koniec_numer_domu, Koniec_miasto, Koszt, Napiwek, Czas, Godzina, Nr_faktury, FK_Klienci, FK_Kierowcy, FK_Dyspozytorzy, FK_Samochody)
VALUES ('2018-01-07','33','5','ul. Długa','117','Sopot','ul. Leśna Góra','47','Sopot','19','8','25','08:17:38',null,'37','7010110359','70101103344','GD65657');
INSERT INTO Przejazdy (Data, Id, Ocena, Poczatek_ulica, Poczatek_numer_domu, Poczatek_miasto, Koniec_ulica, Koniec_numer_domu, Koniec_miasto, Koszt, Napiwek, Czas, Godzina, Nr_faktury, FK_Klienci, FK_Kierowcy, FK_Dyspozytorzy, FK_Samochody)
VALUES ('2017-07-21', '34', '2', 'ul. Szeroka', '125', 'Wrocław', 'ul. Szeroka', '15', 'Wrocław', '41', '3', '18', '04:40:02', '11', '29', '7010110359', '70101103404', 'GD62850');
INSERT INTO Przejazdy (Data, Id, Ocena, Poczatek_ulica, Poczatek_numer_domu, Poczatek_miasto, Koniec_ulica, Koniec_numer_domu, Koniec_miasto, Koszt, Napiwek, Czas, Godzina, Nr_faktury, FK_Klienci, FK_Kierowcy, FK_Dyspozytorzy, FK_Samochody)
VALUES ('2017-01-23', '35', '5', 'ul. Konwaliowa', '14', 'Straszyn', 'ul. Dębowa', '67', 'Straszyn', '45', '20', '4', '10:41:17', '12', '10', '7010110354', '70101103384', 'DW34499');
INSERT INTO Przejazdy (Data, Id, Ocena, Poczatek_ulica, Poczatek_numer_domu, Poczatek_miasto, Koniec_ulica, Koniec_numer_domu, Koniec_miasto, Koszt, Napiwek, Czas, Godzina, Nr_faktury, FK_Klienci, FK_Kierowcy, FK_Dyspozytorzy, FK_Samochody)
VALUES ('2017-05-23','36','5','ul. Dębowa','166','Sopot','ul. Szeroka','138','Sopot','32','1','44','18:30:11',null,'37','7010110344','70101103324','PO47312');
INSERT INTO Przejazdy (Data, Id, Ocena, Poczatek_ulica, Poczatek_numer_domu, Poczatek_miasto, Koniec_ulica, Koniec_numer_domu, Koniec_miasto, Koszt, Napiwek, Czas, Godzina, Nr_faktury, FK_Klienci, FK_Kierowcy, FK_Dyspozytorzy, FK_Samochody)
VALUES ('2017-07-18','37','5','ul. Focha','170','Gdynia','ul. Jaworowa','164','Gdynia','22','2','12','19:49:37',null,'5','7010110356','70101103344','PO22471');
INSERT INTO Przejazdy (Data, Id, Ocena, Poczatek_ulica, Poczatek_numer_domu, Poczatek_miasto, Koniec_ulica, Koniec_numer_domu, Koniec_miasto, Koszt, Napiwek, Czas, Godzina, Nr_faktury, FK_Klienci, FK_Kierowcy, FK_Dyspozytorzy, FK_Samochody)
VALUES ('2016-11-14','38','3','ul. Szeroka','111','Gdynia','ul. Leśna Góra','28','Gdynia','25','20','45','12:06:05',null,'32','7010110354','70101103384','DW34499');
INSERT INTO Przejazdy (Data, Id, Ocena, Poczatek_ulica, Poczatek_numer_domu, Poczatek_miasto, Koniec_ulica, Koniec_numer_domu, Koniec_miasto, Koszt, Napiwek, Czas, Godzina, Nr_faktury, FK_Klienci, FK_Kierowcy, FK_Dyspozytorzy, FK_Samochody)
VALUES ('2017-02-03', '39', '5', 'ul. Focha', '147', 'Wrocław', 'ul. Focha', '175', 'Wrocław', '42', '7', '35', '16:55:54', '13', '5', '7010110360', '70101103334', 'PO47312');
INSERT INTO Przejazdy (Data, Id, Ocena, Poczatek_ulica, Poczatek_numer_domu, Poczatek_miasto, Koniec_ulica, Koniec_numer_domu, Koniec_miasto, Koszt, Napiwek, Czas, Godzina, Nr_faktury, FK_Klienci, FK_Kierowcy, FK_Dyspozytorzy, FK_Samochody)
VALUES ('2017-02-20','40','3','ul. Lipowa','70','Sopot','ul. Jaworowa','32','Sopot','49','15','25','18:33:52',null,'4','7010110343','70101103364','GA80079');
INSERT INTO Przejazdy (Data, Id, Ocena, Poczatek_ulica, Poczatek_numer_domu, Poczatek_miasto, Koniec_ulica, Koniec_numer_domu, Koniec_miasto, Koszt, Napiwek, Czas, Godzina, Nr_faktury, FK_Klienci, FK_Kierowcy, FK_Dyspozytorzy, FK_Samochody)
VALUES ('2017-07-12','41','3','ul. Leśna Góra','111','Gdańsk','ul. Focha','49','Gdańsk','44','2','47','23:08:47',null,'7','7010110352','70101103394','GD76615');
INSERT INTO Przejazdy (Data, Id, Ocena, Poczatek_ulica, Poczatek_numer_domu, Poczatek_miasto, Koniec_ulica, Koniec_numer_domu, Koniec_miasto, Koszt, Napiwek, Czas, Godzina, Nr_faktury, FK_Klienci, FK_Kierowcy, FK_Dyspozytorzy, FK_Samochody)
VALUES ('2017-04-30', '42', '1', 'ul. Focha', '172', 'Pruszcz Gdański', 'ul. Lipowa', '47', 'Pruszcz Gdański', '28', '14', '27', '21:15:46', '14', '10', '7010110358', '70101103404', 'GA63400');
INSERT INTO Przejazdy (Data, Id, Ocena, Poczatek_ulica, Poczatek_numer_domu, Poczatek_miasto, Koniec_ulica, Koniec_numer_domu, Koniec_miasto, Koszt, Napiwek, Czas, Godzina, Nr_faktury, FK_Klienci, FK_Kierowcy, FK_Dyspozytorzy, FK_Samochody)
VALUES ('2017-12-25', '43', '2', 'ul. Leśna Góra', '101', 'Wrocław', 'ul. Jaworowa', '172', 'Wrocław', '15', '8', '14', '07:45:03', '15', '24', '7010110353', '70101103394', 'GD76615');
INSERT INTO Przejazdy (Data, Id, Ocena, Poczatek_ulica, Poczatek_numer_domu, Poczatek_miasto, Koniec_ulica, Koniec_numer_domu, Koniec_miasto, Koszt, Napiwek, Czas, Godzina, Nr_faktury, FK_Klienci, FK_Kierowcy, FK_Dyspozytorzy, FK_Samochody)
VALUES ('2017-09-30','44','3','ul. Focha','93','Pruszcz Gdański','ul. Lipowa','156','Pruszcz Gdański','48','18','33','02:04:56',null,'16','7010110357','70101103364','GA57973');
